Workbook

Sheet Sheet1
A1: 订单日期 | B1: 订单号 | C1: 城市 | D1: 销售渠道 | E1: 产品名称 | F1: 类别 | G1: 数量 | H1: 单价 | I1: 销售额 | J1: 备注
A2: 46113 | B2: SO20357 | C2: 上海 | D2: 天猫 | E2: 空气净化器S1 | F2: 家电 | G2: 1 | H2: 1599 | I2: 1599
A3: 46117 | B3: SO20365 | C3: 深圳 | D3: 抖音 | E3: 智能手表ProX | F3: 数码 | G3: 3 | H3: 1299 | I3: 3897
A4: 46118 | B4: SO20263 | C4: 杭州 | D4: 官网 | E4: 无线耳机Air | F4: 数码 | G4: 2 | H4: 499 | I4: 998
A5: 46118 | B5: SO20281 | C5: 杭州 | D5: 官网 | E5: 无线耳机Air | F5: 数码 | G5: 1 | H5: 499 | I5: 499
A6: 46118 | B6: SO20340 | C6: 成都 | D6: 官网 | E6: 电动升降桌 | F6: 家居 | G6: 1 | H6: 2499 | I6: 2499 | J6: 赠品订单
A7: 46119 | B7: SO20352 | C7: 成都 | D7: 抖音 | E7: 人体工学椅 | F7: 家居 | G7: 1 | H7: 1899 | I7: 1899
A8: 46120 | B8: SO20299 | C8: 杭州 | D8: 官网 | E8: 人体工学椅 | F8: 家居 | G8: 2 | H8: 1899 | I8: 3798
A9: 46120 | B9: SO20307 | C9: 杭州 | D9: 官网 | E9: 无线耳机Air | F9: 数码 | G9: 2 | H9: 499 | I9: 998
A10: 46120 | B10: SO20342 | C10: 深圳 | D10: 天猫 | E10: 无线耳机Air | F10: 数码 | G10: 1 | H10: 499 | I10: 499 | J10: 赠品订单
A11: 46121 | B11: SO20323 | C11: 成都 | D11: 天猫 | E11: 便携咖啡机 | F11: 家电 | G11: 1 | H11: 899 | I11: 899
A12: 46121 | B12: SO20334 | C12: 北京 | D12: 抖音 | E12: 人体工学椅 | F12: 家居 | G12: 2 | H12: 1899 | I12: 3798
A13: 46122 | B13: SO20276 | C13: 杭州 | D13: 天猫 | E13: 空气净化器S1 | F13: 家电 | G13: 2 | H13: 1599 | I13: 3198
A14: 46122 | B14: SO20285 | C14: 成都 | D14: 线下门店 | E14: 人体工学椅 | F14: 家居 | G14: 1 | H14: 1899 | I14: 1899
A15: 46122 | B15: SO20327 | C15: 成都 | D15: 官网 | E15: 人体工学椅 | F15: 家居 | G15: 1 | H15: 1899 | I15: 1899 | J15: 已退款
A16: 46122 | B16: SO20362 | C16: 杭州 | D16: 京东 | E16: 无线耳机Air | F16: 数码 | G16: 1 | H16: 499 | I16: 499
A17: 46123 | B17: SO20266 | C17: 上海 | D17: 京东 | E17: 人体工学椅 | F17: 家居 | G17: 2 | H17: 1899 | I17: 3798
A18: 46123 | B18: SO20305 | C18: 北京 | D18: 官网 | E18: 空气净化器S1 | F18: 家电 | G18: 2 | H18: 1599 | I18: =G18*H18 -> 3198
A19: 46124 | B19: SO20329 | C19: 北京 | D19: 线下门店 | E19: 智能手表ProX | F19: 数码 | G19: 1 | H19: 1299 | I19: 1299
A20: 46126 | B20: SO20291 | C20: 深圳 | D20: 京东 | E20: 人体工学椅 | F20: 家居 | G20: 1 | H20: 1899 | I20: 1899
A21: 46127 | B21: SO20318 | C21: 北京 | D21: 官网 | E21: 电动升降桌 | F21: 家居 | G21: 1 | H21: 2499 | I21: 2499
A22: 46127 | B22: SO20330 | C22: 上海 | D22: 官网 | E22: 无线耳机Air | F22: 数码 | G22: 1 | H22: 499 | I22: 499
A23: 46128 | B23: SO20273 | C23: 北京 | D23: 天猫 | E23: 智能手表ProX | F23: 数码 | G23: 3 | H23: 1299 | I23: 3897
A24: 46128 | B24: SO20346 | C24: 成都 | D24: 天猫 | E24: 空气净化器S1 | F24: 家电 | G24: 1 | H24: 1599 | I24: 1599
A25: 46128 | B25: SO20359 | C25: 深圳 | D25: 抖音 | E25: 人体工学椅 | F25: 家居 | G25: 2 | H25: 1899 | I25: 3798
A26: 46130 | B26: SO20280 | C26: 广州 | D26: 官网 | E26: 人体工学椅 | F26: 家居 | G26: 2 | H26: 1899 | I26: 3798
A27: 46130 | B27: SO20282 | C27: 深圳 | D27: 线下门店 | E27: 人体工学椅 | F27: 家居 | G27: 1 | H27: 1899 | I27: 1899
A28: 46130 | B28: SO20304 | C28: 深圳 | D28: 京东 | E28: 空气净化器S1 | F28: 家电 | G28: 3 | H28: 1599 | I28: 4797
A29: 46130 | B29: SO20312 | C29: 北京 | D29: 天猫 | E29: 人体工学椅 | F29: 家居 | G29: 3 | H29: 1899 | I29: 5697
A30: 46131 | B30: SO20310 | C30: 广州 | D30: 抖音 | E30: 空气净化器S1 | F30: 家电 | G30: 1 | H30: 1599 | I30: 1599
... A45: 46139 | B45: SO20262 | C45: 深圳 | D45: 天猫 | E45: 人体工学椅 | F45: 家居 | G45: 1 | H45: 1899 | I45: 1899
A46: 46139 | B46: SO20320 | C46: 成都 | D46: 天猫 | E46: 人体工学椅 | F46: 家居 | G46: 1 | H46: 1899 | I46: 1899 | J46: 赠品订单
A47: 46140 | B47: SO20315 | C47: 成都 | D47: 京东 | E47: 人体工学椅 | F47: 家居 | G47: 1 | H47: 1899 | I47: 1899
A48: 46141 | B48: SO20272 | C48: 深圳 | D48: 线下门店 | E48: 人体工学椅 | F48: 家居 | G48: 2 | H48: 1899 | I48: 3798
A49: 46141 | B49: SO20296 | C49: 北京 | D49: 天猫 | E49: 智能手表ProX | F49: 数码 | G49: 3 | H49: 1299 | I49: 3897
A50: 46141 | B50: SO20331 | C50: 深圳 | D50: 京东 | E50: 人体工学椅 | F50: 家居 | G50: 1 | H50: 1899 | I50: 1899
A51: 46142 | B51: SO20294 | C51: 上海 | D51: 天猫 | E51: 人体工学椅 | F51: 家居 | G51: 2 | H51: 1899 | I51: 3798
A52: 46142 | B52: SO20302 | C52: 上海 | D52: 天猫 | E52: 无线耳机Air | F52: 数码 | G52: 1 | H52: 499 | I52: 499
A53: 46142 | B53: SO20343 | C53: 深圳 | D53: 天猫 | E53: 空气净化器S1 | F53: 家电 | G53: 3 | H53: 1599 | I53: 4797
A54: 46143 | B54: SO20375 | C54: 广州 | D54: 官网 | E54: 人体工学椅 | F54: 家居 | G54: 1 | H54: 1899 | I54: 1899
A55: 46143 | B55: SO20436 | C55: 北京 | D55: 官网 | E55: 无线耳机Air | F55: 数码 | G55: 3 | H55: 499 | I55: 1497
A56: 46144 | B56: SO20388 | C56: 广州 | D56: 官网 | E56: 便携咖啡机 | F56: 家电 | G56: 5 | H56: 899 | I56: 4495
A57: 46144 | B57: SO20442 | C57: 上海 | D57: 线下门店 | E57: 人体工学椅 | F57: 家居 | G57: 1 | H57: 1899 | I57: 1899
A58: 46145 | B58: SO20370 | C58: 广州 | D58: 京东 | E58: 无线耳机Air | F58: 数码 | G58: 3 | H58: 499 | I58: 1497
... A60: 46146 | B60: SO20371 | C60: 成都 | D60: 京东 | E60: 便携咖啡机 | F60: 家电 | G60: 1 | H60: 899 | I60: 899
A61: 46146 | B61: SO20394 | C61: 广州 | D61: 抖音 | E61: 电动升降桌 | F61: 家居 | G61: 1 | H61: 2499 | I61: =G61*H61 -> 2499
A62: 46146 | B62: SO20409 | C62: 成都 | D62: 天猫 | E62: 智能手表ProX | F62: 数码 | G62: 2 | H62: 1299 | I62: 2598
A63: 46146 | B63: SO20477 | C63: 杭州 | D63: 天猫 | E63: 电动升降桌 | F63: 家居 | G63: 2 | H63: 2499 | I63: =G63*H63 -> 4998
A64: 46147 | B64: SO20455 | C64: 深圳 | D64: 抖音 | E64: 便携咖啡机 | F64: 家电 | G64: 1 | H64: 899 | I64: 899
A65: 46148 | B65: SO20399 | C65: 深圳 | D65: 京东 | E65: 便携咖啡机 | F65: 家电 | G65: 1 | H65: 899 | I65: 899
A66: 46148 | B66: SO20457 | C66: 成都 | D66: 线下门店 | E66: 智能手表ProX | F66: 数码 | G66: 1 | H66: 1299 | I66: 1299
A67: 46149 | B67: SO20396 | C67: 杭州 | D67: 天猫 | E67: 人体工学椅 | F67: 家居 | G67: 2 | H67: 1899 | I67: 3798
A68: 46149 | B68: SO20411 | C68: 成都 | D68: 官网 | E68: 空气净化器S1 | F68: 家电 | G68: 1 | H68: 1599 | I68: 1599
A69: 46149 | B69: SO20444 | C69: 北京 | D69: 线下门店 | E69: 人体工学椅 | F69: 家居 | G69: 5 | H69: 1899 | I69: 9495
A70: 46149 | B70: SO20449 | C70: 广州 | D70: 线下门店 | E70: 空气净化器S1 | F70: 家电 | G70: 1 | H70: 1599 | I70: 1599
A71: 46150 | B71: SO20376 | C71: 北京 | D71: 线下门店 | E71: 电动升降桌 | F71: 家居 | G71: 1 | H71: 2499 | I71: 2499
A72: 46150 | B72: SO20440 | C72: 深圳 | D72: 线下门店 | E72: 无线耳机Air | F72: 数码 | G72: 1 | H72: 499 | I72: 499
A73: 46151 | B73: SO20426 | C73: 深圳 | D73: 天猫 | E73: 便携咖啡机 | F73: 家电 | G73: 3 | H73: 899 | I73: 2697
A74: 46151 | B74: SO20429 | C74: 上海 | D74: 抖音 | E74: 智能手表ProX | F74: 数码 | G74: 1 | H74: 1299 | I74: 1299
A75: 46152 | B75: SO20414 | C75: 广州 | D75: 线下门店 | E75: 人体工学椅 | F75: 家居 | G75: 1 | H75: 1899 | I75: 1899
... A79: 46153 | B79: SO20452 | C79: 上海 | D79: 京东 | E79: 电动升降桌 | F79: 家居 | G79: 1 | H79: 2499 | I79: 2499
A80: 46153 | B80: SO20485 | C80: 成都 | D80: 官网 | E80: 便携咖啡机 | F80: 家电 | G80: 5 | H80: 899 | I80: 4495 | J80: 已退款
A81: 46153 | B81: SO20488 | C81: 成都 | D81: 京东 | E81: 智能手表ProX | F81: 数码 | G81: 1 | H81: 1299 | I81: 1299
A82: 46154 | B82: SO20378 | C82: 上海 | D82: 官网 | E82: 无线耳机Air | F82: 数码 | G82: 1 | H82: 499 | I82: 499
A83: 46154 | B83: SO20418 | C83: 深圳 | D83: 天猫 | E83: 人体工学椅 | F83: 家居 | G83: 1 | H83: 1899 | I83: 1899
A84: 46154 | B84: SO20433 | C84: 上海 | D84: 线下门店 | E84: 电动升降桌 | F84: 家居 | G84: 3 | H84: 2499 | I84: 7497 | J84: 已退款
A85: 46155 | B85: SO20389 | C85: 深圳 | D85: 天猫 | E85: 无线耳机Air | F85: 数码 | G85: 1 | H85: 499 | I85: 499
A86: 46155 | B86: SO20402 | C86: 上海 | D86: 抖音 | E86: 人体工学椅 | F86: 家居 | G86: 3 | H86: 1899 | I86: 5697
A87: 46156 | B87: SO20471 | C87: 成都 | D87: 官网 | E87: 智能手表ProX | F87: 数码 | G87: 1 | H87: 1299 | I87: 1299 | J87: 已退款
A88: 46156 | B88: SO20480 | C88: 成都 | D88: 天猫 | E88: 智能手表ProX | F88: 数码 | G88: 2 | H88: 1299 | I88: 2598 | J88: 已退款
A89: 46158 | B89: SO20404 | C89: 广州 | D89: 抖音 | E89: 智能手表ProX | F89: 数码 | G89: 1 | H89: 1299 | I89: 1299
A90: 46158 | B90: SO20467 | C90: 杭州 | D90: 天猫 | E90: 智能手表ProX | F90: 数码 | G90: 2 | H90: 1299 | I90: 2598 | J90: 已退款
A91: 46159 | B91: SO20395 | C91: 成都 | D91: 天猫 | E91: 人体工学椅 | F91: 家居 | G91: 3 | H91: 1899 | I91: 5697
A92: 46161 | B92: SO20406 | C92: 杭州 | D92: 天猫 | E92: 无线耳机Air | F92: 数码 | G92: 1 | H92: 499 | I92: 499
A93: 46161 | B93: SO20431 | C93: 杭州 | D93: 京东 | E93: 电动升降桌 | F93: 家居 | G93: 1 | H93: 2499 | I93: 2499
A94: 46162 | B94: SO20383 | C94: 杭州 | D94: 官网 | E94: 空气净化器S1 | F94: 家电 | G94: 1 | H94: 1599 | I94: 1599
A95: 46162 | B95: SO20390 | C95: 成都 | D95: 线下门店 | E95: 空气净化器S1 | F95: 家电 | G95: 1 | H95: 1599 | I95: 1599
A96: 46162 | B96: SO20397 | C96: 深圳 | D96: 线下门店 | E96: 便携咖啡机 | F96: 家电 | G96: 1 | H96: 899 | I96: 899
A97: 46163 | B97: SO20420 | C97: 杭州 | D97: 官网 | E97: 空气净化器S1 | F97: 家电 | G97: 3 | H97: 1599 | I97: 4797
A98: 46163 | B98: SO20476 | C98: 广州 | D98: 线下门店 | E98: 智能手表ProX | F98: 数码 | G98: 1 | H98: 1299 | I98: 1299
A99: 46164 | B99: SO20374 | C99: 北京 | D99: 抖音 | E99: 无线耳机Air | F99: 数码 | G99: 1 | H99: 499 | I99: 499
A100: 46164 | B100: SO20462 | C100: 上海 | D100: 线下门店 | E100: 电动升降桌 | F100: 家居 | G100: 1 | H100: 2499 | I100: 2499
A101: 46165 | B101: SO20368 | C101: 广州 | D101: 线下门店 | E101: 智能手表ProX | F101: 数码 | G101: 1 | H101: 1299 | I101: 1299
A102: 46165 | B102: SO20473 | C102: 深圳 | D102: 抖音 | E102: 智能手表ProX | F102: 数码 | G102: 1 | H102: 1299 | I102: 1299
... A105: 46169 | B105: SO20459 | C105: 广州 | D105: 抖音 | E105: 智能手表ProX | F105: 数码 | G105: 1 | H105: 1299 | I105: 1299
A106: 46170 | B106: SO20423 | C106: 广州 | D106: 抖音 | E106: 智能手表ProX | F106: 数码 | G106: 1 | H106: 1299 | I106: =G106*H106 -> 1299
A107: 46170 | B107: SO20447 | C107: 杭州 | D107: 天猫 | E107: 人体工学椅 | F107: 家居 | G107: 2 | H107: 1899 | I107: 3798
A108: 46173 | B108: SO20385 | C108: 杭州 | D108: 天猫 | E108: 智能手表ProX | F108: 数码 | G108: 1 | H108: 1299 | I108: 1299
A109: 46173 | B109: SO20416 | C109: 成都 | D109: 官网 | E109: 智能手表ProX | F109: 数码 | G109: 2 | H109: 1299 | I109: 2598
A110: 46173 | B110: SO20438 | C110: 广州 | D110: 官网 | E110: 电动升降桌 | F110: 家居 | G110: 1 | H110: 2499 | I110: 2499
A111: 46173 | B111: SO20465 | C111: 成都 | D111: 抖音 | E111: 便携咖啡机 | F111: 家电 | G111: 1 | H111: 899 | I111: 899
A112: 46175 | B112: SO20568 | C112: 杭州 | D112: 官网 | E112: 人体工学椅 | F112: 家居 | G112: 2 | H112: 1899 | I112: 3798 | J112: 已退款
A113: 46175 | B113: SO20595 | C113: 深圳 | D113: 线下门店 | E113: 便携咖啡机 | F113: 家电 | G113: 1 | H113: 899 | I113: 899
A114: 46176 | B114: SO20544 | C114: 杭州 | D114: 抖音 | E114: 便携咖啡机 | F114: 家电 | G114: 2 | H114: 899 | I114: 1798
A115: 46177 | B115: SO20588 | C115: 杭州 | D115: 官网 | E115: 智能手表ProX | F115: 数码 | G115: 1 | H115: 1299 | I115: 1299
A116: 46177 | B116: SO20591 | C116: 广州 | D116: 线下门店 | E116: 人体工学椅 | F116: 家居 | G116: 1 | H116: 1899 | I116: 1899
A117: 46179 | B117: SO20563 | C117: 北京 | D117: 天猫 | E117: 无线耳机Air | F117: 数码 | G117: 5 | H117: 499 | I117: 2495
A118: 46180 | B118: SO20507 | C118: 杭州 | D118: 天猫 | E118: 人体工学椅 | F118: 家居 | G118: 1 | H118: 1899 | I118: 1899
A119: 46180 | B119: SO20517 | C119: 广州 | D119: 天猫 | E119: 人体工学椅 | F119: 家居 | G119: 1 | H119: 1899 | I119: 1899
A120: 46180 | B120: SO20548 | C120: 深圳 | D120: 线下门店 | E120: 人体工学椅 | F120: 家居 | G120: 1 | H120: 1899 | I120: 1899 | J120: 赠品订单
...

Sheet 数据透视表
A1: Sum of 销售额 | B1: 类别
A2: 城市 | B2: 家居 | C2: 家电 | D2: 数码 | E2: Grand Total
A3: 上海 | B3: 54174 | C3: 8194 | D3: 11889 | E3: 74257
A4: 北京 | B4: 35982 | C4: 7693 | D4: 18978 | E4: 62653
A5: 广州 | B5: 23289 | C5: 15187 | D5: 11588 | E5: 50064
A6: 成都 | B6: 39681 | C6: 11989 | D6: 18384 | E6: 70054
A7: 杭州 | B7: 39081 | C7: 16388 | D7: 16879 | E7: 72348
A8: 深圳 | B8: 42978 | C8: 32776 | D8: 10788 | E8: 86542
A9: Grand Total | B9: 235185 | C9: 92227 | D9: 88506 | E9: 415918

Sheet 汇总
A1: 月份 | B1: 销售额 | D1: 渠道 | E1: 销售额 | G1: 类别 | H1: 销售额
A2: 4月 | B2: =SUMPRODUCT((MONTH(Sheet1!$A$2:$A$181)=4)*Sheet1!$I$2:$I$181) -> 126619 | D2: 天猫 | E2: =SUMIF(Sheet1!$D$2:$D$181,D2,Sheet1!$I$2:$I$181) -> 103624 | G2: 家居 | H2: =SUMIF(Sheet1!$F$2:$F$181,G2,Sheet1!$I$2:$I$181) -> 235185
A3: 5月 | B3: =SUMPRODUCT((MONTH(Sheet1!$A$2:$A$181)=5)*Sheet1!$I$2:$I$181) -> 136305 | D3: 抖音 | E3: =SUMIF(Sheet1!$D$2:$D$181,D3,Sheet1!$I$2:$I$181) -> 67155 | G3: 家电 | H3: =SUMIF(Sheet1!$F$2:$F$181,G3,Sheet1!$I$2:$I$181) -> 92227
A4: 6月 | B4: =SUMPRODUCT((MONTH(Sheet1!$A$2:$A$181)=6)*Sheet1!$I$2:$I$181) -> 152994 | D4: 官网 | E4: =SUMIF(Sheet1!$D$2:$D$181,D4,Sheet1!$I$2:$I$181) -> 81839 | G4: 数码 | H4: =SUMIF(Sheet1!$F$2:$F$181,G4,Sheet1!$I$2:$I$181) -> 88506
D5: 京东 | E5: =SUMIF(Sheet1!$D$2:$D$181,D5,Sheet1!$I$2:$I$181) -> 70956
D6: 线下门店 | E6: =SUMIF(Sheet1!$D$2:$D$181,D6,Sheet1!$I$2:$I$181) -> 92344

Sheet 分析看板
A1: Q2 销售分析看板
A3: 本季度总销售额 | C3: 总订单数 | E3: 客单价
A4: =SUM(Sheet1!I2:I181) -> 415918 | C4: =COUNTA(Sheet1!B2:B181) -> 180 | E4: =SUM(Sheet1!I2:I181)/COUNTA(Sheet1!B2:B181) -> 2310.6556
